name,class,part
2010_005732_head,cat,head
2010_005732_neck,cat,neck
2010_005732_torso,cat,torso
2008_002182_head,cat,head
2008_002182_neck,cat,neck
2008_002182_torso,cat,torso
2008_002182_legs,cat,legs
2010_002713_head,cat,head
2010_002713_neck,cat,neck
2010_002713_torso,cat,torso
2010_002713_tail,cat,tail
2008_007039_head,cat,head
2008_007039_torso,cat,torso
2008_007039_tail,cat,tail
2008_007039_legs,cat,legs
2009_001008_head,cat,head
2009_001008_neck,cat,neck
2009_001008_torso,cat,torso
2009_001008_tail,cat,tail
2009_001008_legs,cat,legs
2008_007777_head,cat,head
2008_007777_torso,cat,torso
2008_007777_tail,cat,tail
2008_007777_legs,cat,legs
2010_006011_head,cat,head
2010_006011_neck,cat,neck
2010_006011_torso,cat,torso
2010_006011_tail,cat,tail
2010_006011_legs,cat,legs
2008_004732_head,cat,head
2008_004732_neck,cat,neck
2008_004732_torso,cat,torso
2008_004732_tail,cat,tail
2008_004732_legs,cat,legs
2009_001550_head,cat,head
2009_001550_torso,cat,torso
2009_001550_tail,cat,tail
2009_001550_legs,cat,legs
2008_005376_head,cat,head
2008_005376_neck,cat,neck
2008_005376_torso,cat,torso
2008_005376_tail,cat,tail
2008_005376_legs,cat,legs
2010_003747_head,cat,head
2010_003747_neck,cat,neck
2010_003747_torso,cat,torso
2010_003747_tail,cat,tail
2010_003747_legs,cat,legs
2008_006910_head,cat,head
2008_006910_torso,cat,torso
2010_001193_head,cat,head
2010_001193_torso,cat,torso
2010_001193_legs,cat,legs
2010_003974_head,cat,head
2010_003974_neck,cat,neck
2010_003974_torso,cat,torso
2010_003551_head,cat,head
2010_003551_neck,cat,neck
2010_003551_torso,cat,torso
2010_003551_tail,cat,tail
2010_003551_legs,cat,legs
2008_000839_head,cat,head
2008_000839_neck,cat,neck
2008_000839_torso,cat,torso
2010_003223_head,cat,head
2010_003223_neck,cat,neck
2010_003223_torso,cat,torso
2010_003223_legs,cat,legs
2010_005652_head,cat,head
2010_005652_neck,cat,neck
2010_005652_torso,cat,torso
2010_005652_legs,cat,legs
2010_000702_head,cat,head
2010_000702_torso,cat,torso
2010_000702_tail,cat,tail
2010_005108_head,cat,head
2010_005108_torso,cat,torso
2009_004038_head,cat,head
2009_004038_neck,cat,neck
2009_004038_torso,cat,torso
2009_004038_legs,cat,legs
2008_003303_head,cat,head
2008_003303_neck,cat,neck
2008_003303_torso,cat,torso
2008_003303_legs,cat,legs
2008_007164_head,cat,head
2008_007164_neck,cat,neck
2008_007164_torso,cat,torso
2008_007164_legs,cat,legs
2008_001267_head,cat,head
2008_001267_neck,cat,neck
2008_001267_torso,cat,torso
2008_001267_legs,cat,legs
2008_006520_head,cat,head
2008_006520_torso,cat,torso
2010_001435_head,cat,head
2010_001435_neck,cat,neck
2010_001435_torso,cat,torso
2010_001435_tail,cat,tail
2010_001435_legs,cat,legs
2010_001347_head,cat,head
2010_001347_neck,cat,neck
2010_001347_torso,cat,torso
2010_001347_legs,cat,legs
2010_005647_head,cat,head
2010_005647_neck,cat,neck
2010_005647_torso,cat,torso
2010_005647_legs,cat,legs
2009_001419_head,cat,head
2009_001419_torso,cat,torso
2009_001419_legs,cat,legs
2009_005119_head,cat,head
2009_005119_torso,cat,torso
2009_005119_legs,cat,legs
2010_004968_head,cat,head
2008_003114_head,cat,head
2008_003114_neck,cat,neck
2008_003114_torso,cat,torso
2008_003114_legs,cat,legs
2009_002104_head,cat,head
2009_002104_neck,cat,neck
2009_002104_torso,cat,torso
2009_002104_legs,cat,legs
2010_004954_head,cat,head
2010_004954_neck,cat,neck
2010_004954_torso,cat,torso
2010_004954_tail,cat,tail
2010_004954_legs,cat,legs
2010_005492_head,cat,head
2010_005492_neck,cat,neck
2010_005492_torso,cat,torso
2010_005492_tail,cat,tail
2010_005492_legs,cat,legs
2008_006050_head,cat,head
2008_006050_neck,cat,neck
2008_006050_torso,cat,torso
2008_006050_tail,cat,tail
2008_006050_legs,cat,legs
2008_003841_head,cat,head
2008_003841_neck,cat,neck
2008_003841_torso,cat,torso
2008_003841_tail,cat,tail
2008_003841_legs,cat,legs
2010_001637_head,cat,head
2010_001637_neck,cat,neck
2010_001637_torso,cat,torso
2010_004808_head,cat,head
2008_001111_head,cat,head
2008_001111_neck,cat,neck
2008_001111_torso,cat,torso
2008_001111_tail,cat,tail
2008_001111_legs,cat,legs
2008_006656_head,cat,head
2008_006656_torso,cat,torso
2008_006656_legs,cat,legs
2008_007548_head,cat,head
2008_007548_torso,cat,torso
2008_007548_tail,cat,tail
2008_007548_legs,cat,legs
2010_003197_head,cat,head
2010_003197_torso,cat,torso
2010_003197_tail,cat,tail
2010_003197_legs,cat,legs
2008_003048_head,cat,head
2008_003048_torso,cat,torso
2008_003048_legs,cat,legs
2009_005051_head,cat,head
2009_005051_torso,cat,torso
2009_005051_legs,cat,legs
2010_001794_head,cat,head
2010_001794_torso,cat,torso
2010_001794_legs,cat,legs
2010_004175_head,cat,head
2010_004175_neck,cat,neck
2010_004175_torso,cat,torso
2009_000854_head,cat,head
2009_000854_neck,cat,neck
2009_000854_torso,cat,torso
2009_000854_tail,cat,tail
2009_000854_legs,cat,legs
2010_001025_head,cat,head
2010_001025_neck,cat,neck
2010_001025_torso,cat,torso
2010_005257_head,cat,head
2010_005257_neck,cat,neck
2010_005257_torso,cat,torso
2010_005257_tail,cat,tail
2010_005257_legs,cat,legs
2010_002909_head,cat,head
2010_002909_torso,cat,torso
2010_002909_tail,cat,tail
2010_002909_legs,cat,legs
2009_000303_head,cat,head
2009_000303_neck,cat,neck
2009_000303_torso,cat,torso
2009_000303_legs,cat,legs
2010_005082_head,cat,head
2010_005082_torso,cat,torso
2010_005082_legs,cat,legs
2008_004257_head,cat,head
2008_004257_neck,cat,neck
2008_004257_torso,cat,torso
2009_001948_head,cat,head
2009_001948_neck,cat,neck
2009_001948_torso,cat,torso
2009_001948_tail,cat,tail
2009_001948_legs,cat,legs
2010_001555_head,cat,head
2010_001555_neck,cat,neck
2010_001555_torso,cat,torso
2010_001555_legs,cat,legs
2010_000661_head,cat,head
2010_000661_torso,cat,torso
2010_000661_legs,cat,legs
2010_000675_head,cat,head
2010_000675_neck,cat,neck
2010_000675_torso,cat,torso
2010_000675_tail,cat,tail
2010_000675_legs,cat,legs
2009_001037_head,cat,head
2009_001037_neck,cat,neck
2009_001037_torso,cat,torso
2009_001037_legs,cat,legs
2008_000999_head,cat,head
2008_000999_neck,cat,neck
2008_000999_torso,cat,torso
2009_005251_head,cat,head
2009_005251_torso,cat,torso
2009_005251_legs,cat,legs
2010_005241_head,cat,head
2010_005241_torso,cat,torso
2010_005241_legs,cat,legs
2008_007589_head,cat,head
2008_007589_neck,cat,neck
2008_007589_torso,cat,torso
2008_007589_tail,cat,tail
2008_007589_legs,cat,legs
2010_004822_head,cat,head
2010_004822_legs,cat,legs
2008_001885_head,cat,head
2008_001885_neck,cat,neck
2008_001885_torso,cat,torso
2008_001885_legs,cat,legs
2009_003350_head,cat,head
2009_003350_torso,cat,torso
2009_003350_legs,cat,legs
2010_000488_head,cat,head
2010_000488_neck,cat,neck
2010_000488_torso,cat,torso
2008_003704_head,cat,head
2008_003704_legs,cat,legs
2010_003988_head,cat,head
2010_003988_torso,cat,torso
2010_003988_tail,cat,tail
2010_003988_legs,cat,legs
2010_001147_head,cat,head
2010_001147_neck,cat,neck
2010_001147_torso,cat,torso
2010_001147_legs,cat,legs
2010_002472_head,cat,head
2010_002472_torso,cat,torso
2010_002472_tail,cat,tail
2010_002472_legs,cat,legs
2008_000345_head,cat,head
2008_000345_neck,cat,neck
2008_000345_torso,cat,torso
2008_000345_tail,cat,tail
2008_000345_legs,cat,legs
2008_002234_head,cat,head
2008_002234_torso,cat,torso
2009_001369_head,cat,head
2009_001369_neck,cat,neck
2009_001369_torso,cat,torso
2008_003499_head,cat,head
2008_003499_neck,cat,neck
2008_003499_torso,cat,torso
2008_003499_tail,cat,tail
2008_003499_legs,cat,legs
2010_001351_head,cat,head
2010_001351_neck,cat,neck
2010_001351_torso,cat,torso
2010_001351_legs,cat,legs
2009_003783_head,cat,head
2009_003783_neck,cat,neck
2009_003783_torso,cat,torso
2008_002793_head,cat,head
2008_002793_torso,cat,torso
2010_000067_head,cat,head
2010_000067_neck,cat,neck
2010_000067_torso,cat,torso
2010_000067_legs,cat,legs
2010_001386_head,cat,head
2010_001386_neck,cat,neck
2010_001386_torso,cat,torso
2010_001386_tail,cat,tail
2010_001386_legs,cat,legs
2008_005003_head,cat,head
2008_005003_neck,cat,neck
2008_005003_torso,cat,torso
2008_005003_tail,cat,tail
2008_005003_legs,cat,legs
2008_005770_head,cat,head
2008_005770_neck,cat,neck
2008_005770_torso,cat,torso
2008_005770_tail,cat,tail
2008_005770_legs,cat,legs
2010_000099_head,cat,head
2010_000099_neck,cat,neck
2010_000099_torso,cat,torso
2010_000099_tail,cat,tail
2010_000099_legs,cat,legs
2008_005943_head,cat,head
2008_005943_neck,cat,neck
2008_005943_torso,cat,torso
2008_005943_legs,cat,legs
2010_001344_head,cat,head
2010_001344_torso,cat,torso
2010_001344_tail,cat,tail
2010_001344_legs,cat,legs
2009_004953_head,cat,head
2009_004210_head,cat,head
2009_004210_torso,cat,torso
2009_004210_legs,cat,legs
2008_007403_head,cat,head
2008_007403_neck,cat,neck
2008_007403_torso,cat,torso
2008_007403_legs,cat,legs
2008_003659_head,cat,head
2008_003659_neck,cat,neck
2008_003659_torso,cat,torso
2009_004358_head,cat,head
2009_004358_torso,cat,torso
2009_004358_tail,cat,tail
2009_004358_legs,cat,legs
2008_007239_head,cat,head
2008_007239_torso,cat,torso
2008_007239_tail,cat,tail
2008_007239_legs,cat,legs
2010_001783_head,cat,head
2010_001783_neck,cat,neck
2010_001783_torso,cat,torso
2010_001783_legs,cat,legs
2008_003088_head,cat,head
2008_003088_torso,cat,torso
2010_004638_head,cat,head
2008_000581_head,cat,head
2008_000581_neck,cat,neck
2008_000581_torso,cat,torso
2008_000581_legs,cat,legs
2009_000466_head,cat,head
2009_000466_torso,cat,torso
2009_000466_tail,cat,tail
2009_000466_legs,cat,legs
2010_005903_head,cat,head
2010_005903_neck,cat,neck
2010_005903_torso,cat,torso
2010_005903_legs,cat,legs
2008_006325_head,cat,head
2008_006325_neck,cat,neck
2008_006325_torso,cat,torso
2008_006325_tail,cat,tail
2008_006325_legs,cat,legs
2008_006480_head,cat,head
2008_006480_neck,cat,neck
2008_006480_torso,cat,torso
2008_006480_legs,cat,legs
2010_003427_head,cat,head
2010_003427_neck,cat,neck
2010_003427_torso,cat,torso
2010_003427_tail,cat,tail
2010_003427_legs,cat,legs
2010_004402_head,cat,head
2010_004402_neck,cat,neck
2010_004402_torso,cat,torso
2010_004402_legs,cat,legs
2008_000793_head,cat,head
2008_000793_torso,cat,torso
2008_000793_legs,cat,legs
2008_005614_head,cat,head
2008_005614_torso,cat,torso
2009_003143_head,cat,head
2009_003143_neck,cat,neck
2009_003143_torso,cat,torso
2010_002098_head,cat,head
2010_002098_torso,cat,torso
2010_002098_tail,cat,tail
2010_002098_legs,cat,legs
2008_003932_head,cat,head
2008_003932_neck,cat,neck
2008_003932_torso,cat,torso
2008_003932_tail,cat,tail
2008_003932_legs,cat,legs
2009_005095_head,cat,head
2009_005095_neck,cat,neck
2009_005095_torso,cat,torso
2009_005095_legs,cat,legs
2009_002936_head,cat,head
2009_002936_neck,cat,neck
2009_002936_torso,cat,torso
2009_002936_legs,cat,legs
2010_005250_head,cat,head
2010_005250_neck,cat,neck
2010_005250_torso,cat,torso
2010_005287_head,cat,head
2010_005287_torso,cat,torso
2009_002739_head,cat,head
2009_002739_torso,cat,torso
2009_002739_legs,cat,legs
2010_003190_head,cat,head
2010_003190_neck,cat,neck
2010_003190_torso,cat,torso
2010_003190_legs,cat,legs
2008_004873_head,cat,head
2008_004873_torso,cat,torso
2008_004873_legs,cat,legs
2010_002305_head,cat,head
2010_002305_neck,cat,neck
2010_002305_torso,cat,torso
2010_002305_legs,cat,legs
2010_000506_head,cat,head
2010_000506_neck,cat,neck
2010_000506_torso,cat,torso
2010_000506_legs,cat,legs
2010_005456_head,cat,head
2010_005456_torso,cat,torso
2010_005442_head,cat,head
2010_005442_legs,cat,legs
2010_003966_torso,cat,torso
2010_003966_legs,cat,legs
2010_001195_head,cat,head
2010_001195_torso,cat,torso
2010_001195_legs,cat,legs
2008_004640_head,cat,head
2008_004640_neck,cat,neck
2008_004640_torso,cat,torso
2008_004640_tail,cat,tail
2008_004640_legs,cat,legs
2010_002891_head,cat,head
2010_002891_torso,cat,torso
2010_002891_legs,cat,legs
2008_000181_head,cat,head
2008_000181_torso,cat,torso
2008_000181_tail,cat,tail
2008_000181_legs,cat,legs
2010_001382_head,cat,head
2010_001382_neck,cat,neck
2010_001382_torso,cat,torso
2010_001382_tail,cat,tail
2010_001382_legs,cat,legs
2009_001153_head,cat,head
2009_001153_neck,cat,neck
2009_001153_torso,cat,torso
2010_005696_head,cat,head
2010_005696_neck,cat,neck
2010_005696_torso,cat,torso
2010_005696_legs,cat,legs
2008_007176_head,cat,head
2008_007176_torso,cat,torso
2008_007176_tail,cat,tail
2008_007176_legs,cat,legs
2008_001513_head,cat,head
2008_001513_neck,cat,neck
2008_001513_torso,cat,torso
2008_001513_tail,cat,tail
2008_001513_legs,cat,legs
2008_005013_head,cat,head
2008_005013_neck,cat,neck
2008_005013_torso,cat,torso
2008_005013_legs,cat,legs
2009_002499_head,cat,head
2009_002499_neck,cat,neck
2009_002499_torso,cat,torso
2010_003230_head,cat,head
2010_003230_torso,cat,torso
2010_003230_legs,cat,legs
2010_005899_head,cat,head
2010_005899_neck,cat,neck
2010_005899_torso,cat,torso
2010_005899_legs,cat,legs
2009_004598_head,cat,head
2009_004598_neck,cat,neck
2009_004598_torso,cat,torso
2009_004598_legs,cat,legs
2008_006081_head,cat,head
2008_006081_neck,cat,neck
2008_006081_torso,cat,torso
2008_006081_tail,cat,tail
2008_006081_legs,cat,legs
2010_000261_head,cat,head
2010_000261_torso,cat,torso
2009_002704_head,cat,head
2009_002704_neck,cat,neck
2009_002704_torso,cat,torso
2009_002704_legs,cat,legs
2009_004639_head,cat,head
2009_004639_torso,cat,torso
2009_004639_tail,cat,tail
2009_004639_legs,cat,legs
2010_001590_head,cat,head
2010_001590_torso,cat,torso
2010_001590_tail,cat,tail
2010_001590_legs,cat,legs
2010_000665_head,cat,head
2010_000665_neck,cat,neck
2010_000665_torso,cat,torso
2010_000665_tail,cat,tail
2010_004365_head,cat,head
2010_004365_neck,cat,neck
2010_004365_torso,cat,torso
2010_004365_legs,cat,legs
2008_004290_head,cat,head
2008_004290_neck,cat,neck
2008_004290_torso,cat,torso
2008_004290_tail,cat,tail
2008_004290_legs,cat,legs
2009_004607_head,cat,head
2009_004607_neck,cat,neck
2009_004607_torso,cat,torso
2009_004607_legs,cat,legs
2009_003626_head,cat,head
2009_003626_torso,cat,torso
2010_000317_head,cat,head
2010_000317_legs,cat,legs
2010_004171_head,cat,head
2010_004171_neck,cat,neck
2010_004171_torso,cat,torso
2010_004171_legs,cat,legs
2010_000303_head,cat,head
2010_000303_neck,cat,neck
2010_000303_torso,cat,torso
2010_000303_tail,cat,tail
2010_000303_legs,cat,legs
2010_005535_head,cat,head
2010_005535_neck,cat,neck
2010_005535_torso,cat,torso
2010_001021_head,cat,head
2010_001021_neck,cat,neck
2010_001021_torso,cat,torso
2010_001021_legs,cat,legs
2008_007216_head,cat,head
2008_007216_neck,cat,neck
2008_007216_torso,cat,torso
2008_007216_tail,cat,tail
2008_007216_legs,cat,legs
2010_002448_head,cat,head
2010_002448_neck,cat,neck
2010_002448_torso,cat,torso
2010_002448_legs,cat,legs
2008_002597_head,cat,head
2008_002597_neck,cat,neck
2008_002597_torso,cat,torso
2008_002597_legs,cat,legs
2009_002855_head,cat,head
2009_002855_neck,cat,neck
2009_002855_torso,cat,torso
2009_002855_legs,cat,legs
2008_004119_head,cat,head
2008_004119_neck,cat,neck
2008_004119_torso,cat,torso
2008_004119_tail,cat,tail
2008_004119_legs,cat,legs
2008_003104_head,cat,head
2008_003104_torso,cat,torso
2009_003222_head,cat,head
2009_003222_torso,cat,torso
2010_005482_head,cat,head
2010_005482_torso,cat,torso
2010_002662_head,cat,head
2010_002662_neck,cat,neck
2010_002662_torso,cat,torso
2010_002662_tail,cat,tail
2010_002662_legs,cat,legs
2010_004575_head,cat,head
2010_004575_neck,cat,neck
2010_004575_torso,cat,torso
2010_004575_tail,cat,tail
2010_004575_legs,cat,legs
2010_003232_head,cat,head
2010_003232_neck,cat,neck
2010_003232_torso,cat,torso
2010_003232_tail,cat,tail
2010_003232_legs,cat,legs
2008_000182_head,cat,head
2008_000182_torso,cat,torso
2008_000182_tail,cat,tail
2008_000182_legs,cat,legs
2009_004940_head,cat,head
2009_004940_neck,cat,neck
2009_004940_torso,cat,torso
2009_004940_tail,cat,tail
2009_004940_legs,cat,legs
2010_002138_head,cat,head
2010_002138_neck,cat,neck
2010_002138_torso,cat,torso
2010_002138_legs,cat,legs
2010_002845_head,cat,head
2010_002845_torso,cat,torso
2010_002845_tail,cat,tail
2010_002845_legs,cat,legs
2010_000048_head,cat,head
2010_000048_neck,cat,neck
2010_000048_torso,cat,torso
2010_000048_legs,cat,legs
2008_006280_head,cat,head
2008_006280_neck,cat,neck
2008_006280_torso,cat,torso
2008_006280_legs,cat,legs
2010_003227_head,cat,head
2010_003227_torso,cat,torso
2010_003227_legs,cat,legs
2010_000712_head,cat,head
2010_000712_neck,cat,neck
2010_000712_torso,cat,torso
2009_000716_head,cat,head
2009_000716_neck,cat,neck
2009_000716_torso,cat,torso
2009_000716_tail,cat,tail
2009_000716_legs,cat,legs
2009_002667_head,cat,head
2009_002667_torso,cat,torso
2009_002667_legs,cat,legs
2009_001391_head,cat,head
2009_001391_neck,cat,neck
2009_001391_torso,cat,torso
2009_001391_legs,cat,legs
2010_000538_head,cat,head
2010_000538_torso,cat,torso
2010_000538_legs,cat,legs
2010_002307_head,cat,head
2010_002307_neck,cat,neck
2010_002307_torso,cat,torso
2010_002307_legs,cat,legs
2008_004736_head,cat,head
2008_004736_torso,cat,torso
2009_003419_head,cat,head
2010_000458_head,cat,head
2010_000458_torso,cat,torso
2010_000458_tail,cat,tail
2010_000458_legs,cat,legs
2010_003151_head,cat,head
2010_003151_torso,cat,torso
2010_003151_tail,cat,tail
2010_003151_legs,cat,legs
2010_002529_head,cat,head
2010_002529_neck,cat,neck
2010_002529_torso,cat,torso
2009_003380_head,cat,head
2009_003380_neck,cat,neck
2009_003380_torso,cat,torso
2009_003380_tail,cat,tail
2009_005083_head,cat,head
2009_005083_neck,cat,neck
2009_005083_torso,cat,torso
2010_005508_head,cat,head
2010_005508_neck,cat,neck
2010_005508_torso,cat,torso
2010_001587_head,cat,head
2010_001587_neck,cat,neck
2010_001587_torso,cat,torso
2008_002623_head,cat,head
2008_002623_torso,cat,torso
2010_003435_head,cat,head
2010_003435_torso,cat,torso
2010_003435_legs,cat,legs
2010_000114_head,cat,head
2010_000114_neck,cat,neck
2010_000114_torso,cat,torso
2010_000114_tail,cat,tail
2010_000114_legs,cat,legs
2009_001094_head,cat,head
2009_001094_neck,cat,neck
2009_001094_torso,cat,torso
2010_004301_head,cat,head
2010_004301_neck,cat,neck
2010_004301_torso,cat,torso
2010_004301_legs,cat,legs
2009_003867_head,cat,head
2009_003867_torso,cat,torso
2010_001292_head,cat,head
2010_001292_neck,cat,neck
2010_001292_torso,cat,torso
2009_005219_head,cat,head
2009_005219_neck,cat,neck
2009_005219_torso,cat,torso
2009_005219_tail,cat,tail
2009_005219_legs,cat,legs
2010_003687_head,cat,head
2010_003687_torso,cat,torso
2010_003687_tail,cat,tail
2010_003687_legs,cat,legs
2009_005033_head,cat,head
2009_005033_torso,cat,torso
2009_005033_legs,cat,legs
2010_003863_head,cat,head
2010_003863_neck,cat,neck
2010_003863_torso,cat,torso
2010_003863_tail,cat,tail
2010_003863_legs,cat,legs
2009_004477_head,cat,head
2009_004477_torso,cat,torso
2009_004477_legs,cat,legs
2010_002348_head,cat,head
2010_002348_neck,cat,neck
2010_002348_torso,cat,torso
2010_002348_tail,cat,tail
2010_002348_legs,cat,legs
2009_001484_head,cat,head
2009_001484_neck,cat,neck
2009_001484_torso,cat,torso
2008_006973_head,cat,head
2008_006973_torso,cat,torso
2008_006973_tail,cat,tail
2008_006973_legs,cat,legs
2010_002406_head,cat,head
2010_002406_neck,cat,neck
2010_002406_torso,cat,torso
2010_002406_legs,cat,legs
2010_005143_head,cat,head
2010_005143_neck,cat,neck
2010_005143_torso,cat,torso
2010_005143_legs,cat,legs
2010_001331_head,cat,head
2010_001331_neck,cat,neck
2010_001331_torso,cat,torso
2008_005088_head,cat,head
2008_005088_neck,cat,neck
2008_005088_torso,cat,torso
2008_005088_tail,cat,tail
2008_005088_legs,cat,legs
2010_001457_head,cat,head
2010_001457_neck,cat,neck
2010_001457_torso,cat,torso
2008_006218_head,cat,head
2008_006218_neck,cat,neck
2008_006218_torso,cat,torso
2008_006218_tail,cat,tail
2008_006218_legs,cat,legs
2008_007106_head,cat,head
2008_007106_neck,cat,neck
2008_007106_torso,cat,torso
2008_007106_legs,cat,legs
2008_001210_head,cat,head
2008_001210_neck,cat,neck
2008_001210_torso,cat,torso
2008_001210_tail,cat,tail
2008_001210_legs,cat,legs
2009_000566_head,cat,head
2009_000566_neck,cat,neck
2009_000566_torso,cat,torso
2010_002177_head,cat,head
2010_002177_torso,cat,torso
2010_002177_tail,cat,tail
2010_002177_legs,cat,legs
2010_003527_head,cat,head
2010_003527_torso,cat,torso
2010_003527_tail,cat,tail
2010_003527_legs,cat,legs
2009_000599_head,cat,head
2009_000599_neck,cat,neck
2009_000599_torso,cat,torso
2009_000599_legs,cat,legs
2009_002615_head,cat,head
2009_002615_neck,cat,neck
2009_002615_torso,cat,torso
2009_002615_tail,cat,tail
2009_002615_legs,cat,legs
2008_006999_head,cat,head
2008_006999_neck,cat,neck
2008_006999_torso,cat,torso
2008_006999_legs,cat,legs
2010_000576_head,cat,head
2010_000576_torso,cat,torso
2010_000576_tail,cat,tail
2010_000576_legs,cat,legs
2010_005340_head,cat,head
2010_005340_torso,cat,torso
2010_005340_legs,cat,legs
2008_005300_head,cat,head
2008_005300_neck,cat,neck
2008_005300_torso,cat,torso
2008_005300_tail,cat,tail
2008_005300_legs,cat,legs
2008_004022_head,cat,head
2008_004022_neck,cat,neck
2008_004022_torso,cat,torso
2009_000638_head,cat,head
2009_000638_torso,cat,torso
2008_000536_head,cat,head
2008_000536_neck,cat,neck
2008_000536_torso,cat,torso
2008_000536_legs,cat,legs
2009_003457_head,cat,head
2010_002573_head,cat,head
2010_002573_neck,cat,neck
2010_002573_torso,cat,torso
2010_002573_legs,cat,legs
2010_005208_head,cat,head
2010_005208_torso,cat,torso
2010_005208_legs,cat,legs
2008_006190_head,cat,head
2008_006190_neck,cat,neck
2008_006190_torso,cat,torso
2008_006190_legs,cat,legs
2008_006351_head,cat,head
2008_006351_torso,cat,torso
2008_006351_legs,cat,legs
2009_003655_head,cat,head
2009_003655_neck,cat,neck
2009_003655_torso,cat,torso
2009_003655_legs,cat,legs
2010_003309_head,cat,head
2010_003309_torso,cat,torso
2008_005699_head,cat,head
2008_005699_neck,cat,neck
2008_005699_torso,cat,torso
2008_005699_tail,cat,tail
2010_001534_head,cat,head
2010_001534_neck,cat,neck
2010_001534_torso,cat,torso
2010_001534_legs,cat,legs
2008_006384_head,cat,head
2008_006384_neck,cat,neck
2008_006384_torso,cat,torso
2008_006384_tail,cat,tail
2008_006384_legs,cat,legs
2010_000616_head,cat,head
2010_000616_torso,cat,torso
2010_000616_tail,cat,tail
2010_000616_legs,cat,legs
2009_000438_head,cat,head
2009_000438_torso,cat,torso
2008_007059_head,cat,head
2008_007059_torso,cat,torso
2008_007059_legs,cat,legs
2010_005791_head,cat,head
2010_005791_neck,cat,neck
2010_005791_torso,cat,torso
2010_005791_legs,cat,legs
2008_006347_head,cat,head
2008_006347_neck,cat,neck
2008_006347_torso,cat,torso
2008_006347_legs,cat,legs
2009_002561_head,cat,head
2009_002561_torso,cat,torso
2008_001414_head,cat,head
2008_001414_neck,cat,neck
2008_001414_torso,cat,torso
2008_001414_tail,cat,tail
2008_001414_legs,cat,legs
2008_006810_head,cat,head
2008_006810_neck,cat,neck
2008_006810_torso,cat,torso
2008_006810_legs,cat,legs
2009_004448_head,cat,head
2009_004448_neck,cat,neck
2009_004448_torso,cat,torso
2009_004448_legs,cat,legs
2010_004841_head,cat,head
2010_004841_torso,cat,torso
2010_004841_legs,cat,legs
2010_004048_head,cat,head
2010_004048_neck,cat,neck
2010_004048_torso,cat,torso
2010_004048_legs,cat,legs
2010_001656_head,cat,head
2010_001656_neck,cat,neck
2010_001656_torso,cat,torso
2010_001656_legs,cat,legs
2008_002294_head,cat,head
2008_002294_torso,cat,torso
2009_000955_head,cat,head
2009_000955_neck,cat,neck
2009_000955_torso,cat,torso
2010_004060_head,cat,head
2010_004060_neck,cat,neck
2010_004060_torso,cat,torso
2009_001444_head,cat,head
2009_001444_torso,cat,torso
2009_001444_legs,cat,legs
2010_003928_head,cat,head
2010_003928_neck,cat,neck
2010_003928_torso,cat,torso
2010_003928_legs,cat,legs
2010_001468_head,cat,head
2010_001468_neck,cat,neck
2010_001468_torso,cat,torso
2010_001468_tail,cat,tail
2010_001468_legs,cat,legs
2009_003904_head,cat,head
2009_003904_neck,cat,neck
2009_003904_torso,cat,torso
2009_003904_legs,cat,legs
2009_002429_head,cat,head
2009_002429_torso,cat,torso
2008_005061_head,cat,head
2008_005061_neck,cat,neck
2008_005061_torso,cat,torso
2008_005061_tail,cat,tail
2008_005061_legs,cat,legs
2008_007662_head,cat,head
2008_007662_neck,cat,neck
2008_007662_torso,cat,torso
2008_007662_legs,cat,legs
2009_004529_head,cat,head
2009_004529_neck,cat,neck
2009_004529_torso,cat,torso
2008_004155_head,cat,head
2008_004155_neck,cat,neck
2008_004155_torso,cat,torso
2008_004155_tail,cat,tail
2008_004155_legs,cat,legs
2010_005425_head,cat,head
2010_005425_neck,cat,neck
2010_005425_torso,cat,torso
2010_001125_head,cat,head
2010_001125_neck,cat,neck
2010_001125_torso,cat,torso
2008_005288_head,cat,head
2008_005288_neck,cat,neck
2008_005288_torso,cat,torso
2008_006781_head,cat,head
2008_006781_neck,cat,neck
2008_006781_torso,cat,torso
2008_006781_legs,cat,legs
2009_004307_head,cat,head
2009_004307_torso,cat,torso
2009_004307_legs,cat,legs
2010_003875_head,cat,head
2010_003875_neck,cat,neck
2010_003875_torso,cat,torso
2010_003875_legs,cat,legs
2010_001938_head,cat,head
2010_001938_neck,cat,neck
2010_001938_torso,cat,torso
2010_004667_head,cat,head
2010_004667_neck,cat,neck
2010_004667_torso,cat,torso
2010_004667_legs,cat,legs
2010_001737_head,cat,head
2010_001737_neck,cat,neck
2010_001737_torso,cat,torso
2010_001737_legs,cat,legs
2010_006058_head,cat,head
2010_006058_neck,cat,neck
2010_006058_torso,cat,torso
2010_006058_legs,cat,legs
2010_005551_head,cat,head
2010_005551_neck,cat,neck
2010_005551_torso,cat,torso
2010_005551_legs,cat,legs
2008_007702_head,cat,head
2008_007702_neck,cat,neck
2008_007702_torso,cat,torso
2008_007702_tail,cat,tail
2008_007702_legs,cat,legs
2008_005673_head,cat,head
2008_005673_neck,cat,neck
2008_005673_torso,cat,torso
2008_005673_legs,cat,legs
2009_003118_head,cat,head
2009_003118_neck,cat,neck
2009_003118_torso,cat,torso
2009_004887_head,cat,head
2009_004887_neck,cat,neck
2009_004887_torso,cat,torso
2009_004887_tail,cat,tail
2009_004887_legs,cat,legs
2010_002000_head,cat,head
2010_002000_neck,cat,neck
2010_002000_torso,cat,torso
2010_000175_head,cat,head
2010_000175_neck,cat,neck
2010_000175_torso,cat,torso
2008_002681_head,cat,head
2008_002681_torso,cat,torso
2008_002681_legs,cat,legs
2008_006430_head,cat,head
2008_006430_neck,cat,neck
2008_006430_torso,cat,torso
2010_003483_head,cat,head
2010_003483_neck,cat,neck
2010_003483_torso,cat,torso
2010_003483_tail,cat,tail
2010_003483_legs,cat,legs
2009_002955_head,cat,head
2009_002955_torso,cat,torso
2009_002955_tail,cat,tail
2009_002955_legs,cat,legs
2008_005449_head,cat,head
2008_005449_neck,cat,neck
2008_005449_torso,cat,torso
2008_005449_tail,cat,tail
2008_005449_legs,cat,legs
2010_004717_head,cat,head
2010_004717_torso,cat,torso
2010_004717_tail,cat,tail
2008_006785_head,cat,head
2008_006785_neck,cat,neck
2008_006785_torso,cat,torso
2010_005421_head,cat,head
2010_005421_torso,cat,torso
2010_005421_tail,cat,tail
2010_005421_legs,cat,legs
2010_003050_head,cat,head
2010_003050_neck,cat,neck
2010_003050_torso,cat,torso
2010_003050_legs,cat,legs
2010_001647_head,cat,head
2010_001647_torso,cat,torso
2010_001647_tail,cat,tail
2010_001647_legs,cat,legs
2010_004918_head,cat,head
2010_004918_torso,cat,torso
2010_004918_legs,cat,legs
2008_006746_head,cat,head
2008_006746_neck,cat,neck
2008_006746_torso,cat,torso
2008_006746_tail,cat,tail
2008_006746_legs,cat,legs
2010_004501_head,cat,head
2010_004501_neck,cat,neck
2010_004501_torso,cat,torso
2010_004501_legs,cat,legs
2008_000860_head,cat,head
2008_000860_neck,cat,neck
2008_000860_torso,cat,torso
2008_000860_legs,cat,legs
2008_007855_head,cat,head
2008_007855_neck,cat,neck
2008_007855_torso,cat,torso
2008_007855_legs,cat,legs
2008_004347_head,cat,head
2008_004347_neck,cat,neck
2008_004347_torso,cat,torso
2008_004347_legs,cat,legs
2010_002831_head,cat,head
2010_002831_torso,cat,torso
2010_000941_head,cat,head
2010_000941_neck,cat,neck
2010_000941_torso,cat,torso
2010_000941_legs,cat,legs
2010_000799_head,cat,head
2010_000799_neck,cat,neck
2010_000799_torso,cat,torso
2010_000799_tail,cat,tail
2010_000799_legs,cat,legs
2009_002363_head,cat,head
2009_002363_neck,cat,neck
2009_002363_torso,cat,torso
2009_002363_tail,cat,tail
2009_002363_legs,cat,legs
2008_005716_head,cat,head
2008_005716_neck,cat,neck
2008_005716_torso,cat,torso
2008_005716_legs,cat,legs
2010_000996_head,cat,head
2010_000996_neck,cat,neck
2010_000996_torso,cat,torso
2010_000996_tail,cat,tail
2010_000996_legs,cat,legs
2010_003509_head,cat,head
2010_003509_neck,cat,neck
2010_003509_torso,cat,torso
2009_004504_head,cat,head
2009_004504_torso,cat,torso
2009_004504_legs,cat,legs
2010_005408_head,cat,head
2010_005408_neck,cat,neck
2010_005408_torso,cat,torso
2010_005408_tail,cat,tail
2010_005408_legs,cat,legs
2008_005460_head,cat,head
2008_005460_neck,cat,neck
2008_005460_torso,cat,torso
2008_005460_legs,cat,legs
2010_005232_head,cat,head
2010_005232_neck,cat,neck
2010_005232_torso,cat,torso
2010_005232_tail,cat,tail
2010_005232_legs,cat,legs
2010_001054_head,cat,head
2010_001054_neck,cat,neck
2010_001054_torso,cat,torso
2010_004676_head,cat,head
2010_004676_neck,cat,neck
2010_004676_torso,cat,torso
2010_000404_head,cat,head
2010_000404_neck,cat,neck
2010_000404_torso,cat,torso
2010_000404_tail,cat,tail
2010_000404_legs,cat,legs
2010_004104_head,cat,head
2010_004104_neck,cat,neck
2010_004104_torso,cat,torso
2008_004232_head,cat,head
2008_004232_neck,cat,neck
2008_004232_torso,cat,torso
2008_004232_legs,cat,legs
2008_004540_head,cat,head
2008_004540_neck,cat,neck
2008_004540_torso,cat,torso
2008_004540_tail,cat,tail
2008_004540_legs,cat,legs
2009_003647_head,cat,head
2009_003647_torso,cat,torso
2009_000366_head,cat,head
2009_000366_torso,cat,torso
2009_000366_legs,cat,legs
2010_004448_head,cat,head
2010_004448_torso,cat,torso
2010_004448_legs,cat,legs
2010_002993_head,cat,head
2010_002993_neck,cat,neck
2010_002993_torso,cat,torso
2010_002993_tail,cat,tail
2010_002993_legs,cat,legs
2008_004583_head,cat,head
2008_004583_neck,cat,neck
2008_004583_torso,cat,torso
2008_004583_tail,cat,tail
2008_004583_legs,cat,legs
2008_002872_head,cat,head
2008_002872_neck,cat,neck
2008_002872_torso,cat,torso
2008_002682_head,cat,head
2008_002682_torso,cat,torso
2008_002682_legs,cat,legs
2008_005853_head,cat,head
2008_005853_torso,cat,torso
2008_005853_legs,cat,legs
2010_001240_head,cat,head
2010_001240_neck,cat,neck
2010_001240_torso,cat,torso
2008_001374_head,cat,head
2008_001374_neck,cat,neck
2008_001374_torso,cat,torso
2008_001374_tail,cat,tail
2008_001374_legs,cat,legs
2010_005973_head,cat,head
2010_005973_neck,cat,neck
2010_005973_torso,cat,torso
2010_005973_legs,cat,legs
2008_002899_head,cat,head
2008_002899_neck,cat,neck
2008_002899_torso,cat,torso
2008_002899_legs,cat,legs
2008_000056_head,cat,head
2008_000056_neck,cat,neck
2008_000056_torso,cat,torso
2008_000724_head,cat,head
2008_000724_neck,cat,neck
2008_000724_torso,cat,torso
2008_000724_legs,cat,legs
2010_000374_head,cat,head
2010_000374_neck,cat,neck
2010_000374_torso,cat,torso
2010_000374_legs,cat,legs
2008_004967_head,cat,head
2008_004967_neck,cat,neck
2008_004967_torso,cat,torso
2008_004967_legs,cat,legs
2008_004797_head,cat,head
2008_004797_neck,cat,neck
2008_004797_torso,cat,torso
2008_004797_tail,cat,tail
2008_004797_legs,cat,legs
2010_005230_head,cat,head
2010_005230_torso,cat,torso
2010_003641_head,cat,head
2010_003641_neck,cat,neck
2010_003641_torso,cat,torso
2010_003641_tail,cat,tail
2010_003641_legs,cat,legs
2010_003133_head,cat,head
2010_003133_neck,cat,neck
2010_003133_torso,cat,torso
2010_003133_legs,cat,legs
2008_006194_head,cat,head
2008_006194_torso,cat,torso
2008_001610_head,cat,head
2008_001610_neck,cat,neck
2008_001610_torso,cat,torso
2008_001610_tail,cat,tail
2008_001610_legs,cat,legs
2009_000614_head,cat,head
2009_000614_torso,cat,torso
2009_000614_legs,cat,legs
2009_001522_head,cat,head
2009_001522_torso,cat,torso
2010_003696_head,cat,head
2010_003696_torso,cat,torso
2010_003696_legs,cat,legs
2010_001863_head,cat,head
2010_001863_neck,cat,neck
2010_001863_torso,cat,torso
2010_001863_legs,cat,legs
2008_005270_head,cat,head
2008_005270_torso,cat,torso
2008_005270_tail,cat,tail
2008_005270_legs,cat,legs
2008_003167_head,cat,head
2008_003167_torso,cat,torso
2008_003167_legs,cat,legs
2009_004248_head,cat,head
2009_004248_neck,cat,neck
2009_004248_torso,cat,torso
2010_001452_head,cat,head
2010_001452_neck,cat,neck
2010_001452_torso,cat,torso
2010_001452_tail,cat,tail
2010_001452_legs,cat,legs
2008_007842_head,cat,head
2008_007842_neck,cat,neck
2008_007842_torso,cat,torso
2008_007842_tail,cat,tail
2008_007842_legs,cat,legs
2010_005185_head,cat,head
2010_005185_neck,cat,neck
2010_005185_torso,cat,torso
2010_005185_legs,cat,legs
2008_004422_head,cat,head
2008_004422_torso,cat,torso
2009_003056_head,cat,head
2009_003056_torso,cat,torso
2009_003056_tail,cat,tail
2009_003056_legs,cat,legs
2009_004705_head,cat,head
2009_004705_neck,cat,neck
2009_004705_torso,cat,torso
2010_005806_head,cat,head
2010_005806_neck,cat,neck
2010_005806_torso,cat,torso
2008_004635_head,cat,head
2008_004635_neck,cat,neck
2008_004635_torso,cat,torso
2008_004635_legs,cat,legs
2010_005386_head,cat,head
2010_005386_torso,cat,torso
2010_005386_legs,cat,legs
2009_002176_head,cat,head
2009_002176_torso,cat,torso
2009_004261_head,cat,head
2009_004261_torso,cat,torso
2008_007472_head,cat,head
2008_007472_neck,cat,neck
2008_007472_torso,cat,torso
2008_007472_legs,cat,legs
2009_002837_head,cat,head
2009_002837_neck,cat,neck
2009_002837_torso,cat,torso
2009_002837_legs,cat,legs
2008_002293_head,cat,head
2008_002293_neck,cat,neck
2008_002293_torso,cat,torso
2008_002293_legs,cat,legs
2008_006793_head,cat,head
2008_006793_torso,cat,torso
2008_006793_legs,cat,legs
2009_005037_head,cat,head
2009_005037_neck,cat,neck
2009_005037_torso,cat,torso
2009_005037_tail,cat,tail
2009_005037_legs,cat,legs
2009_001279_head,cat,head
2009_001279_neck,cat,neck
2009_001279_torso,cat,torso
2009_001279_legs,cat,legs
2008_007260_head,cat,head
2008_007260_torso,cat,torso
2008_007260_tail,cat,tail
2008_007260_legs,cat,legs
2010_004891_head,cat,head
2010_004891_torso,cat,torso
2010_004891_tail,cat,tail
2010_003898_head,cat,head
2010_003898_torso,cat,torso
2010_003898_legs,cat,legs
2010_002204_head,cat,head
2010_002204_neck,cat,neck
2010_002204_torso,cat,torso
2010_002204_legs,cat,legs
2009_002228_head,cat,head
2009_002228_neck,cat,neck
2009_002228_torso,cat,torso
2009_002228_tail,cat,tail
2009_002228_legs,cat,legs
2008_002668_head,cat,head
2008_002668_torso,cat,torso
2010_000163_head,cat,head
2010_000163_neck,cat,neck
2010_000163_torso,cat,torso
2010_000163_tail,cat,tail
2010_000163_legs,cat,legs
2010_003467_head,cat,head
2010_003467_torso,cat,torso
2010_003467_tail,cat,tail
2010_003467_legs,cat,legs
2010_004320_head,cat,head
2010_004320_torso,cat,torso
2008_006403_head,cat,head
2008_006403_neck,cat,neck
2008_006403_torso,cat,torso
2008_006403_tail,cat,tail
2008_006403_legs,cat,legs
2010_002976_head,cat,head
2010_002976_torso,cat,torso
2008_001350_head,cat,head
2008_001350_neck,cat,neck
2008_001350_torso,cat,torso
2010_001700_head,cat,head
2010_001700_neck,cat,neck
2010_001700_torso,cat,torso
2010_001700_legs,cat,legs
2010_002553_head,cat,head
2010_002553_neck,cat,neck
2010_002553_torso,cat,torso
2010_002553_tail,cat,tail
2010_002553_legs,cat,legs
2009_001260_head,cat,head
2009_001260_neck,cat,neck
2009_001260_torso,cat,torso
2009_001260_legs,cat,legs
2008_006629_head,cat,head
2008_006629_neck,cat,neck
2008_006629_torso,cat,torso
2008_006629_tail,cat,tail
2008_006629_legs,cat,legs
2010_000218_head,cat,head
2010_000218_neck,cat,neck
2010_000218_torso,cat,torso
2010_000218_legs,cat,legs
2010_001660_head,cat,head
2010_001660_neck,cat,neck
2010_001660_torso,cat,torso
2010_001660_legs,cat,legs
2008_004189_head,cat,head
2008_004189_torso,cat,torso
2008_004189_legs,cat,legs
2010_003275_head,cat,head
2010_003275_torso,cat,torso
2010_003275_legs,cat,legs
2010_003249_head,cat,head
2010_003249_torso,cat,torso
2010_003249_legs,cat,legs
2010_002143_head,cat,head
2010_002143_torso,cat,torso
2010_002143_tail,cat,tail
2010_002143_legs,cat,legs
2008_000853_head,cat,head
2008_000853_neck,cat,neck
2008_000853_torso,cat,torso
2008_000853_tail,cat,tail
2008_000853_legs,cat,legs
2008_004374_head,cat,head
2008_004374_neck,cat,neck
2008_004374_torso,cat,torso
2008_004374_legs,cat,legs
2009_001894_head,cat,head
2009_001894_neck,cat,neck
2009_001894_torso,cat,torso
2009_001894_tail,cat,tail
2009_001894_legs,cat,legs
2009_004721_head,cat,head
2009_004721_neck,cat,neck
2009_004721_torso,cat,torso
2009_004721_tail,cat,tail
2009_004721_legs,cat,legs
2008_007640_head,cat,head
2008_007640_neck,cat,neck
2008_007640_torso,cat,torso
2008_007640_legs,cat,legs
2009_000553_head,cat,head
2009_000553_neck,cat,neck
2009_000553_torso,cat,torso
2009_000553_tail,cat,tail
2009_000553_legs,cat,legs
2008_007683_head,cat,head
2008_007683_torso,cat,torso
2008_007683_tail,cat,tail
2008_007683_legs,cat,legs
2010_000769_head,cat,head
2010_000769_neck,cat,neck
2010_000769_torso,cat,torso
2008_007873_head,cat,head
2008_007873_neck,cat,neck
2008_007873_torso,cat,torso
2008_007873_tail,cat,tail
2008_007873_legs,cat,legs
2009_000745_head,cat,head
2009_000745_neck,cat,neck
2009_000745_torso,cat,torso
2009_000745_tail,cat,tail
2009_000745_legs,cat,legs
2008_003624_head,cat,head
2008_003624_neck,cat,neck
2008_003624_torso,cat,torso
2008_003624_tail,cat,tail
2008_003624_legs,cat,legs
2010_003937_head,cat,head
2010_003937_neck,cat,neck
2010_003937_torso,cat,torso
2010_003937_tail,cat,tail
2010_003937_legs,cat,legs
2008_001741_head,cat,head
2008_001741_neck,cat,neck
2008_001741_torso,cat,torso
2008_001741_legs,cat,legs
2010_001885_head,cat,head
2010_001885_neck,cat,neck
2010_001885_torso,cat,torso
2010_001885_legs,cat,legs
2010_002354_head,cat,head
2010_002354_neck,cat,neck
2010_002354_torso,cat,torso
2010_002354_legs,cat,legs
2009_002813_head,cat,head
2009_002813_torso,cat,torso
2009_002813_tail,cat,tail
2009_002813_legs,cat,legs
2008_005309_head,cat,head
2008_005309_torso,cat,torso
2009_003489_head,cat,head
2009_003489_neck,cat,neck
2009_003489_torso,cat,torso
2010_005573_head,cat,head
2010_005573_neck,cat,neck
2010_005573_torso,cat,torso
2009_004655_head,cat,head
2009_004655_torso,cat,torso
2009_005211_head,cat,head
2009_005211_neck,cat,neck
2009_005211_torso,cat,torso
2009_005211_tail,cat,tail
2009_005211_legs,cat,legs
2010_002963_head,cat,head
2010_002963_torso,cat,torso
2010_002963_legs,cat,legs
2009_003847_head,cat,head
2009_003847_neck,cat,neck
2009_003847_torso,cat,torso
2010_004335_head,cat,head
2010_004335_neck,cat,neck
2010_004335_torso,cat,torso
2010_004335_legs,cat,legs
2010_005017_head,cat,head
2010_005017_legs,cat,legs
2010_002778_head,cat,head
2010_002778_neck,cat,neck
2010_002778_torso,cat,torso
2010_002778_tail,cat,tail
2010_002778_legs,cat,legs
2010_002746_head,cat,head
2010_002746_neck,cat,neck
2010_002746_torso,cat,torso
2010_002746_legs,cat,legs
2008_006400_head,cat,head
2008_006400_neck,cat,neck
2008_006400_torso,cat,torso
2008_006400_legs,cat,legs
2008_005109_head,cat,head
2008_005109_neck,cat,neck
2008_005109_torso,cat,torso
2008_005109_tail,cat,tail
2008_005109_legs,cat,legs
2008_007736_head,cat,head
2008_007736_torso,cat,torso
2008_007736_tail,cat,tail
2008_007736_legs,cat,legs
2010_003672_head,cat,head
2010_003672_torso,cat,torso
2010_003672_tail,cat,tail
2010_003672_legs,cat,legs
2010_006078_head,cat,head
2010_006078_neck,cat,neck
2010_006078_torso,cat,torso
2010_006078_legs,cat,legs
2010_000409_head,cat,head
2010_000409_legs,cat,legs
2010_000347_head,cat,head
2010_000347_torso,cat,torso
2010_000347_legs,cat,legs
2008_004767_head,cat,head
2008_004767_neck,cat,neck
2008_004767_torso,cat,torso
2008_004767_tail,cat,tail
2008_004767_legs,cat,legs
2010_004874_head,cat,head
2010_004874_neck,cat,neck
2010_004874_torso,cat,torso
2010_004874_legs,cat,legs
2009_003312_head,cat,head
2009_003312_neck,cat,neck
2009_003312_torso,cat,torso
2009_003312_legs,cat,legs
2010_002587_head,cat,head
2010_002587_neck,cat,neck
2010_002587_torso,cat,torso
2009_003528_head,cat,head
2009_003528_torso,cat,torso
2009_003528_tail,cat,tail
2009_003528_legs,cat,legs
2010_005161_head,cat,head
2010_005161_torso,cat,torso
2010_002626_head,cat,head
2010_002626_neck,cat,neck
2010_002626_torso,cat,torso
2010_002626_legs,cat,legs
2010_004257_head,cat,head
2010_004257_neck,cat,neck
2010_004257_torso,cat,torso
2010_004257_legs,cat,legs
2009_003070_head,cat,head
2009_003070_torso,cat,torso
2009_002352_head,cat,head
2009_002352_neck,cat,neck
2009_002352_torso,cat,torso
2008_007130_head,cat,head
2008_007130_neck,cat,neck
2008_007130_torso,cat,torso
2008_007130_legs,cat,legs
2010_005821_head,cat,head
2010_005821_neck,cat,neck
2010_005821_torso,cat,torso
2010_005821_tail,cat,tail
2010_005821_legs,cat,legs
2008_003343_head,cat,head
2008_003343_neck,cat,neck
2008_003343_torso,cat,torso
2008_003343_tail,cat,tail
2010_000971_head,cat,head
2010_000971_torso,cat,torso
2010_000971_legs,cat,legs
2008_006561_head,cat,head
2008_006561_neck,cat,neck
2008_006561_torso,cat,torso
2008_006561_legs,cat,legs
2010_004518_torso,cat,torso
2010_004518_tail,cat,tail
2010_004518_legs,cat,legs
2009_005158_head,cat,head
2009_005158_neck,cat,neck
2009_005158_torso,cat,torso
2009_005158_legs,cat,legs
2008_007327_head,cat,head
2008_007327_neck,cat,neck
2008_007327_torso,cat,torso
2008_007327_tail,cat,tail
2008_007327_legs,cat,legs
2008_000306_head,cat,head
2008_000306_torso,cat,torso
2008_000306_legs,cat,legs
2008_007496_head,cat,head
2008_007496_neck,cat,neck
2008_007496_torso,cat,torso
2008_007496_legs,cat,legs
2008_005281_head,cat,head
2008_005281_neck,cat,neck
2008_005281_torso,cat,torso
2010_002425_head,cat,head
2010_002425_torso,cat,torso
2010_002425_legs,cat,legs
2010_004861_head,cat,head
2010_004861_torso,cat,torso
2010_004861_tail,cat,tail
2010_004861_legs,cat,legs
2010_004120_head,cat,head
2010_004120_neck,cat,neck
2010_004120_torso,cat,torso
2010_004120_tail,cat,tail
2010_004120_legs,cat,legs
2010_001070_head,cat,head
2010_001070_torso,cat,torso
2010_001070_legs,cat,legs
2010_005216_head,cat,head
2010_005216_neck,cat,neck
2010_005216_torso,cat,torso
2010_005216_tail,cat,tail
2010_005216_legs,cat,legs
2010_005202_head,cat,head
2010_005202_neck,cat,neck
2010_005202_torso,cat,torso
2010_005202_legs,cat,legs
2008_003974_head,cat,head
2008_003974_torso,cat,torso
2008_003974_legs,cat,legs
2008_005134_head,cat,head
2008_005134_neck,cat,neck
2008_005134_torso,cat,torso
2008_005134_legs,cat,legs
2009_003663_head,cat,head
2009_003663_neck,cat,neck
2009_003663_torso,cat,torso
2009_003663_tail,cat,tail
2009_003663_legs,cat,legs
2009_001931_head,cat,head
2009_003698_head,cat,head
2009_003698_neck,cat,neck
2009_003698_torso,cat,torso
2009_002592_head,cat,head
2009_002592_neck,cat,neck
2009_002592_torso,cat,torso
2009_002592_tail,cat,tail
2009_002592_legs,cat,legs
2008_007082_head,cat,head
2008_007082_neck,cat,neck
2008_007082_torso,cat,torso
2008_007082_tail,cat,tail
2008_007082_legs,cat,legs
2008_007914_head,cat,head
2008_007914_neck,cat,neck
2008_007914_torso,cat,torso
2008_007914_legs,cat,legs
2008_000060_head,cat,head
2008_000060_neck,cat,neck
2008_000060_torso,cat,torso
2010_000815_head,cat,head
2010_000815_torso,cat,torso
2009_000150_head,cat,head
2009_000150_torso,cat,torso
2009_000150_legs,cat,legs
2009_002753_head,cat,head
2009_002753_legs,cat,legs
2008_006175_head,cat,head
2008_006175_neck,cat,neck
2008_006175_torso,cat,torso
2008_006175_tail,cat,tail
2008_006175_legs,cat,legs
2010_001100_head,cat,head
2010_001100_neck,cat,neck
2010_001100_torso,cat,torso
2008_005252_head,cat,head
2008_005252_neck,cat,neck
2008_005252_torso,cat,torso
2008_005252_tail,cat,tail
2008_005252_legs,cat,legs
2009_002141_head,cat,head
2009_002141_neck,cat,neck
2009_002141_torso,cat,torso
2009_002141_legs,cat,legs
2009_000030_head,cat,head
2009_000030_neck,cat,neck
2009_000030_torso,cat,torso
2009_005160_head,cat,head
2009_005160_neck,cat,neck
2009_005160_torso,cat,torso
2008_000464_head,cat,head
2008_000464_neck,cat,neck
2008_000464_torso,cat,torso
2008_000464_legs,cat,legs
2009_004083_head,cat,head
2009_004083_neck,cat,neck
2009_004083_torso,cat,torso
2009_004083_legs,cat,legs
2009_001689_head,cat,head
2009_001689_torso,cat,torso
2009_001689_legs,cat,legs
2010_000791_head,cat,head
2010_000791_torso,cat,torso
2010_002192_head,cat,head
2010_002192_torso,cat,torso
2010_002192_legs,cat,legs
2008_003420_head,cat,head
2008_003420_neck,cat,neck
2008_003420_torso,cat,torso
2008_003420_tail,cat,tail
2008_003420_legs,cat,legs
2010_003299_head,cat,head
2010_003299_torso,cat,torso
2010_003299_legs,cat,legs
2009_000227_head,cat,head
2009_000227_neck,cat,neck
2009_000227_torso,cat,torso
2009_000227_legs,cat,legs
2010_001465_head,cat,head
2010_001465_torso,cat,torso
2010_001465_tail,cat,tail
2010_001465_legs,cat,legs
2010_000009_head,cat,head
2010_000009_neck,cat,neck
2010_000009_torso,cat,torso
2010_000009_legs,cat,legs
2008_001592_head,cat,head
2008_001592_neck,cat,neck
2008_001592_torso,cat,torso
2008_001592_tail,cat,tail
2008_001592_legs,cat,legs
2010_000586_head,cat,head
2010_000586_neck,cat,neck
2010_000586_torso,cat,torso
2010_000586_legs,cat,legs
2008_003622_head,cat,head
2008_003622_neck,cat,neck
2008_003622_torso,cat,torso
2008_003622_legs,cat,legs
2009_000970_head,cat,head
2009_000970_neck,cat,neck
2009_000970_torso,cat,torso
2009_000964_head,cat,head
2009_000964_neck,cat,neck
2009_000964_torso,cat,torso
2009_000964_legs,cat,legs
2009_002008_head,cat,head
2009_002008_neck,cat,neck
2009_002008_torso,cat,torso
2009_002008_tail,cat,tail
2009_002008_legs,cat,legs
2008_005469_head,cat,head
2008_005469_neck,cat,neck
2008_005469_torso,cat,torso
2008_005469_tail,cat,tail
2008_005469_legs,cat,legs
2008_007256_head,cat,head
2008_007256_neck,cat,neck
2008_007256_torso,cat,torso
2010_006040_head,cat,head
2010_006040_neck,cat,neck
2010_006040_torso,cat,torso
2010_006040_tail,cat,tail
2010_006040_legs,cat,legs
2008_006362_head,cat,head
2008_006362_neck,cat,neck
2008_006362_torso,cat,torso
2008_005657_head,cat,head
2008_005657_neck,cat,neck
2008_005657_torso,cat,torso
2008_005657_legs,cat,legs
2010_000828_head,cat,head
2010_000828_neck,cat,neck
2010_000828_torso,cat,torso
2010_000828_tail,cat,tail
2010_000828_legs,cat,legs
2008_007726_head,cat,head
2008_007726_neck,cat,neck
2008_007726_torso,cat,torso
2008_007726_legs,cat,legs
2008_001357_head,cat,head
2008_001357_neck,cat,neck
2008_001357_torso,cat,torso
2008_001357_tail,cat,tail
2008_001357_legs,cat,legs
2010_005763_head,cat,head
2010_005763_neck,cat,neck
2010_005763_torso,cat,torso
2010_005763_legs,cat,legs
2008_002845_head,cat,head
2008_002845_torso,cat,torso
2008_002845_tail,cat,tail
2008_002845_legs,cat,legs
2010_000157_head,cat,head
2010_000157_neck,cat,neck
2010_000157_torso,cat,torso
2010_000157_legs,cat,legs
2010_002026_head,cat,head
2010_002026_torso,cat,torso
2010_002026_tail,cat,tail
2010_002026_legs,cat,legs
2010_004457_head,cat,head
2010_004457_neck,cat,neck
2010_004457_torso,cat,torso
2010_004457_tail,cat,tail
2010_004457_legs,cat,legs
2008_001433_head,cat,head
2008_001433_torso,cat,torso
2008_001433_legs,cat,legs
2010_002973_head,cat,head
2010_002973_neck,cat,neck
2010_002973_torso,cat,torso
2010_002224_head,cat,head
2010_002224_torso,cat,torso
2010_002224_legs,cat,legs
2010_004133_head,cat,head
2010_004133_torso,cat,torso
2008_005480_head,cat,head
2008_005480_torso,cat,torso
2008_005480_legs,cat,legs
2010_003106_head,cat,head
2010_003106_neck,cat,neck
2010_003106_torso,cat,torso
2010_003106_tail,cat,tail
2010_003106_legs,cat,legs
2008_005331_head,cat,head
2008_005331_neck,cat,neck
2008_005331_torso,cat,torso
2008_005331_tail,cat,tail
2008_005331_legs,cat,legs
2009_000782_head,cat,head
2009_000782_neck,cat,neck
2009_000782_torso,cat,torso
2009_000782_legs,cat,legs
2010_002422_head,cat,head
2010_002422_neck,cat,neck
2010_002422_torso,cat,torso
2010_002422_tail,cat,tail
2010_002422_legs,cat,legs
2010_000553_head,cat,head
2010_000553_neck,cat,neck
2010_000553_torso,cat,torso
2010_000553_legs,cat,legs
2008_005523_head,cat,head
2008_005523_neck,cat,neck
2008_005523_torso,cat,torso
2008_005523_tail,cat,tail
2008_005523_legs,cat,legs
2010_001842_head,cat,head
2010_001842_neck,cat,neck
2010_001842_torso,cat,torso
2010_001842_tail,cat,tail
2010_001842_legs,cat,legs
2009_001305_head,cat,head
2009_001305_neck,cat,neck
2009_001305_torso,cat,torso
2009_001305_tail,cat,tail
2009_001305_legs,cat,legs
2010_002146_head,cat,head
2010_002146_torso,cat,torso
2010_002146_tail,cat,tail
2010_002146_legs,cat,legs
2008_006599_head,cat,head
2008_006599_torso,cat,torso
2010_004286_head,cat,head
2010_004286_torso,cat,torso
2010_004286_tail,cat,tail
2010_004286_legs,cat,legs
2008_007888_head,cat,head
2008_007888_neck,cat,neck
2008_007888_torso,cat,torso
2008_007888_legs,cat,legs
2008_005735_head,cat,head
2008_005735_neck,cat,neck
2008_005735_torso,cat,torso
2008_005735_tail,cat,tail
2008_005735_legs,cat,legs
2008_000116_head,cat,head
2008_000116_torso,cat,torso
2008_000116_tail,cat,tail
2010_005833_head,cat,head
2010_005833_neck,cat,neck
2010_005833_torso,cat,torso
2010_005833_tail,cat,tail
2010_005833_legs,cat,legs
2010_001499_head,cat,head
2010_001499_neck,cat,neck
2010_001499_torso,cat,torso
2008_003386_head,cat,head
2008_003386_neck,cat,neck
2008_003386_torso,cat,torso
2010_001328_head,cat,head
2010_001328_neck,cat,neck
2010_001328_torso,cat,torso
2010_001328_tail,cat,tail
2010_001328_legs,cat,legs
2010_004244_head,cat,head
2010_004244_neck,cat,neck
2010_004244_torso,cat,torso
2010_004244_legs,cat,legs
2008_006765_head,cat,head
2008_006765_neck,cat,neck
2008_006765_torso,cat,torso
2008_006765_tail,cat,tail
2008_006765_legs,cat,legs
2010_002392_head,cat,head
2010_002392_torso,cat,torso
2010_002392_legs,cat,legs
2010_003067_head,cat,head
2010_003067_neck,cat,neck
2010_003067_torso,cat,torso
2010_003067_tail,cat,tail
2010_003067_legs,cat,legs
2008_006956_head,cat,head
2008_006956_neck,cat,neck
2008_006956_torso,cat,torso
2008_006956_tail,cat,tail
2008_006956_legs,cat,legs
2009_001270_head,cat,head
2009_001270_neck,cat,neck
2009_001270_torso,cat,torso
2008_007269_head,cat,head
2008_007269_torso,cat,torso
2008_007269_tail,cat,tail
2008_007269_legs,cat,legs
2009_001502_head,cat,head
2009_001502_neck,cat,neck
2009_001502_torso,cat,torso
2009_001502_legs,cat,legs
2010_002594_head,cat,head
2010_002594_torso,cat,torso
2010_002594_tail,cat,tail
2010_002594_legs,cat,legs
2008_004990_head,cat,head
2008_004990_neck,cat,neck
2008_004990_torso,cat,torso
2008_004990_tail,cat,tail
2008_004990_legs,cat,legs
2010_001089_head,cat,head
2010_001089_neck,cat,neck
2010_001089_torso,cat,torso
2010_003675_head,cat,head
2010_003675_torso,cat,torso
2010_003675_legs,cat,legs
2010_002543_head,cat,head
2010_002543_neck,cat,neck
2010_002543_torso,cat,torso
2010_002543_tail,cat,tail
2010_002543_legs,cat,legs
2008_000062_head,cat,head
2008_000062_neck,cat,neck
2008_000062_torso,cat,torso
2008_000062_legs,cat,legs
2009_000350_head,cat,head
2009_000350_torso,cat,torso
2009_000350_tail,cat,tail
2010_003488_head,cat,head
2010_003488_neck,cat,neck
2010_003488_torso,cat,torso
2010_003488_legs,cat,legs
2009_004877_head,cat,head
2009_004877_neck,cat,neck
2009_004877_torso,cat,torso
2009_004877_tail,cat,tail
2009_004877_legs,cat,legs
2010_005006_head,cat,head
2010_005006_torso,cat,torso
2010_005984_head,cat,head
2010_005984_neck,cat,neck
2010_005984_torso,cat,torso
2010_005984_legs,cat,legs
2010_002040_head,cat,head
2010_002040_torso,cat,torso
2010_002040_tail,cat,tail
2010_002040_legs,cat,legs
2010_000469_head,cat,head
2010_000469_neck,cat,neck
2010_000469_torso,cat,torso
2010_000469_legs,cat,legs
2010_005505_head,cat,head
2010_005505_neck,cat,neck
2010_005505_torso,cat,torso
2010_005505_tail,cat,tail
2010_005505_legs,cat,legs
2008_005380_head,cat,head
2008_005380_torso,cat,torso
2008_005380_tail,cat,tail
2008_005380_legs,cat,legs
2010_005317_head,cat,head
2010_005317_torso,cat,torso
2010_003982_head,cat,head
2010_003982_neck,cat,neck
2010_003982_torso,cat,torso
2010_003982_tail,cat,tail
2010_003982_legs,cat,legs
2008_000401_head,cat,head
2008_000401_neck,cat,neck
2008_000401_torso,cat,torso
2008_000401_legs,cat,legs
2009_001411_head,cat,head
2009_001411_neck,cat,neck
2009_001411_torso,cat,torso
2009_001411_tail,cat,tail
2009_001411_legs,cat,legs
2010_005115_head,cat,head
2010_005115_neck,cat,neck
2010_005115_torso,cat,torso
2010_005115_tail,cat,tail
2010_005115_legs,cat,legs
2008_001290_head,cat,head
2008_001290_neck,cat,neck
2008_001290_torso,cat,torso
2008_001290_legs,cat,legs
2008_004303_head,cat,head
2008_004303_neck,cat,neck
2008_004303_torso,cat,torso
2008_004303_legs,cat,legs
2008_002766_head,cat,head
2008_002766_neck,cat,neck
2008_002766_torso,cat,torso
2008_002766_legs,cat,legs
2010_005855_head,cat,head
2010_005855_neck,cat,neck
2010_005855_torso,cat,torso
2010_005855_tail,cat,tail
2010_005855_legs,cat,legs
2008_007151_head,cat,head
2008_007151_torso,cat,torso
2008_007151_tail,cat,tail
2008_007151_legs,cat,legs
2010_005128_head,cat,head
2010_005128_neck,cat,neck
2010_005128_torso,cat,torso
2010_005128_legs,cat,legs
2009_001835_head,cat,head
2009_001835_neck,cat,neck
2009_001835_torso,cat,torso
2009_001835_legs,cat,legs
2009_004971_head,cat,head
2009_004971_neck,cat,neck
2009_004971_torso,cat,torso
2009_004971_legs,cat,legs
2008_005550_head,cat,head
2008_005550_neck,cat,neck
2008_005550_torso,cat,torso
2008_005550_legs,cat,legs
2008_007353_head,cat,head
2008_007353_neck,cat,neck
2008_007353_torso,cat,torso
2008_004672_head,cat,head
2008_004672_torso,cat,torso
2010_002479_head,cat,head
2010_002479_neck,cat,neck
2010_002479_torso,cat,torso
2010_002479_legs,cat,legs
2010_004008_head,cat,head
2010_004008_neck,cat,neck
2010_004008_torso,cat,torso
2010_004008_legs,cat,legs
2010_001602_head,cat,head
2010_001602_neck,cat,neck
2010_001602_torso,cat,torso
2010_001602_tail,cat,tail
2010_001602_legs,cat,legs
2009_000915_head,cat,head
2009_000915_neck,cat,neck
2009_000915_torso,cat,torso
2009_000915_legs,cat,legs
2010_003773_head,cat,head
2010_003773_neck,cat,neck
2010_003773_torso,cat,torso
2010_003773_legs,cat,legs
2009_004434_head,cat,head
2009_004434_neck,cat,neck
2009_004434_torso,cat,torso
2009_004434_legs,cat,legs
2010_004829_head,cat,head
2010_004829_torso,cat,torso
2010_004829_tail,cat,tail
2008_004048_head,cat,head
2008_004048_torso,cat,torso
2008_004048_tail,cat,tail
2008_004048_legs,cat,legs
2008_004074_head,cat,head
2008_004074_neck,cat,neck
2008_004074_torso,cat,torso
2010_002243_head,cat,head
2010_002243_torso,cat,torso
2010_002243_tail,cat,tail
2010_002243_legs,cat,legs
2010_000468_head,cat,head
2010_000468_neck,cat,neck
2010_000468_torso,cat,torso
2010_000468_tail,cat,tail
2010_000468_legs,cat,legs
2008_006449_head,cat,head
2008_006449_neck,cat,neck
2008_006449_torso,cat,torso
2008_006449_legs,cat,legs
2010_005935_head,cat,head
2010_005935_neck,cat,neck
2010_005935_torso,cat,torso
2010_005935_legs,cat,legs
2009_003165_head,cat,head
2009_003165_torso,cat,torso
2009_003165_legs,cat,legs
2010_002900_head,cat,head
2010_002900_neck,cat,neck
2010_002900_torso,cat,torso
2010_002900_legs,cat,legs
2008_003519_head,cat,head
2008_003519_neck,cat,neck
2008_003519_torso,cat,torso
2008_003519_legs,cat,legs
2009_000493_head,cat,head
2009_000493_neck,cat,neck
2009_000493_torso,cat,torso
2009_000493_tail,cat,tail
2008_007794_head,cat,head
2008_007794_torso,cat,torso
2008_007794_legs,cat,legs
2010_000118_head,cat,head
2010_000118_neck,cat,neck
2010_000118_torso,cat,torso
2010_000118_tail,cat,tail
2010_000118_legs,cat,legs
2008_007964_head,cat,head
2008_007964_neck,cat,neck
2008_007964_torso,cat,torso
2008_007964_tail,cat,tail
2008_007964_legs,cat,legs
2010_005712_head,cat,head
2010_005712_neck,cat,neck
2010_005712_torso,cat,torso
2010_005712_tail,cat,tail
2010_005712_legs,cat,legs
2010_002057_head,cat,head
2010_002057_torso,cat,torso
2010_002057_tail,cat,tail
2010_002057_legs,cat,legs
2009_003601_head,cat,head
2008_002177_head,cat,head
2008_002177_torso,cat,torso
2008_002177_tail,cat,tail
2008_002177_legs,cat,legs
2009_001016_head,cat,head
2009_001016_torso,cat,torso
2009_001016_legs,cat,legs
2008_006113_head,cat,head
2008_006113_neck,cat,neck
2008_006113_torso,cat,torso
2008_006113_legs,cat,legs
2008_001640_head,cat,head
2008_001640_neck,cat,neck
2008_001640_torso,cat,torso
2008_001640_tail,cat,tail
2008_001640_legs,cat,legs
2009_002053_head,cat,head
2009_002053_neck,cat,neck
2009_002053_torso,cat,torso
2009_002053_legs,cat,legs
2008_006926_head,cat,head
2008_006926_neck,cat,neck
2008_006926_torso,cat,torso
2008_006926_legs,cat,legs
2008_002201_head,cat,head
2008_002201_neck,cat,neck
2008_002201_torso,cat,torso
2008_002201_legs,cat,legs
2008_002215_head,cat,head
2008_002215_neck,cat,neck
2008_002215_torso,cat,torso
2008_002215_legs,cat,legs
2010_004963_head,cat,head
2010_004963_neck,cat,neck
2010_004963_torso,cat,torso
2010_004963_tail,cat,tail
2010_004963_legs,cat,legs
2008_000358_head,cat,head
2008_000358_torso,cat,torso
2008_000358_tail,cat,tail
2008_000358_legs,cat,legs
2010_001827_head,cat,head
2010_001827_torso,cat,torso
2008_005977_head,cat,head
2008_005977_torso,cat,torso
2008_005977_legs,cat,legs
2010_001402_head,cat,head
2010_001402_neck,cat,neck
2010_001402_torso,cat,torso
2010_001402_legs,cat,legs
2010_002645_head,cat,head
2010_002645_torso,cat,torso
2009_003013_head,cat,head
2009_003013_torso,cat,torso
2009_003013_legs,cat,legs
2010_002876_head,cat,head
2010_002876_torso,cat,torso
2010_002876_legs,cat,legs
2010_003598_head,cat,head
2010_003598_neck,cat,neck
2010_003598_torso,cat,torso
2010_003598_legs,cat,legs
2009_003985_head,cat,head
2009_003985_neck,cat,neck
2009_003985_torso,cat,torso
2009_003985_legs,cat,legs
2010_004585_head,cat,head
2010_004585_neck,cat,neck
2010_004585_torso,cat,torso
2010_002692_head,cat,head
2010_002692_neck,cat,neck
2010_002692_torso,cat,torso
2010_002692_tail,cat,tail
2010_002692_legs,cat,legs
2009_004999_head,cat,head
2009_004999_torso,cat,torso
2009_004999_legs,cat,legs
2009_004796_head,cat,head
2009_004796_neck,cat,neck
2009_004796_torso,cat,torso
2009_004796_legs,cat,legs
2008_002957_head,cat,head
2008_002957_neck,cat,neck
2008_002957_torso,cat,torso
2010_004553_head,cat,head
2010_004553_neck,cat,neck
2010_004553_torso,cat,torso
2010_004553_tail,cat,tail
2010_004553_legs,cat,legs
2010_004209_head,cat,head
2010_004209_neck,cat,neck
2010_004209_torso,cat,torso
2010_004209_tail,cat,tail
2010_004209_legs,cat,legs
2010_002678_head,cat,head
2010_002678_legs,cat,legs
2010_001417_head,cat,head
2010_001417_neck,cat,neck
2010_001417_torso,cat,torso
2010_001417_tail,cat,tail
2010_001417_legs,cat,legs
2008_006728_head,cat,head
2008_006728_torso,cat,torso
2008_006728_tail,cat,tail
2008_006728_legs,cat,legs
2009_002898_head,cat,head
2009_002898_torso,cat,torso
2009_002898_legs,cat,legs
2008_005235_head,cat,head
2008_005235_neck,cat,neck
2008_005235_torso,cat,torso
2008_005235_tail,cat,tail
2008_005235_legs,cat,legs
2010_003943_head,cat,head
2010_003943_neck,cat,neck
2010_003943_torso,cat,torso
2010_003943_tail,cat,tail
2010_003943_legs,cat,legs
2010_002485_head,cat,head
2010_002485_neck,cat,neck
2010_002485_torso,cat,torso
2009_001361_head,cat,head
2009_001361_torso,cat,torso
2009_001361_legs,cat,legs
2008_006099_head,cat,head
2008_006099_neck,cat,neck
2008_006099_torso,cat,torso
2008_006099_legs,cat,legs
2009_000080_head,cat,head
2009_000080_neck,cat,neck
2009_000080_torso,cat,torso
2009_000080_tail,cat,tail
2009_000080_legs,cat,legs
2010_003758_head,cat,head
2010_003758_torso,cat,torso
2010_003758_tail,cat,tail
2010_003758_legs,cat,legs
2010_004037_head,cat,head
2010_004037_torso,cat,torso
2010_004037_legs,cat,legs
2010_003764_head,cat,head
2010_003764_neck,cat,neck
2010_003764_torso,cat,torso
2010_003764_legs,cat,legs
2010_003823_head,cat,head
2010_003823_torso,cat,torso
2010_003823_tail,cat,tail
2010_003823_legs,cat,legs
2010_004157_head,cat,head
2010_004157_torso,cat,torso
2010_004157_legs,cat,legs
2009_000862_head,cat,head
2009_000862_neck,cat,neck
2009_000862_torso,cat,torso
2009_000862_tail,cat,tail
2009_000862_legs,cat,legs
2010_005275_head,cat,head
2010_005275_neck,cat,neck
2010_005275_torso,cat,torso
2010_005275_tail,cat,tail
2010_005275_legs,cat,legs
2010_000872_head,cat,head
2010_000872_torso,cat,torso
2010_000872_legs,cat,legs
2008_006462_head,cat,head
2008_006462_torso,cat,torso
2008_006462_legs,cat,legs
2008_005816_head,cat,head
2008_005816_neck,cat,neck
2008_005816_torso,cat,torso
2008_005816_legs,cat,legs
2010_004369_head,cat,head
2010_004369_neck,cat,neck
2010_004369_torso,cat,torso
2010_004369_legs,cat,legs
2010_003358_head,cat,head
2010_003358_neck,cat,neck
2010_003358_torso,cat,torso
2010_003402_head,cat,head
2010_003402_neck,cat,neck
2010_003402_torso,cat,torso
2010_003402_legs,cat,legs
2010_001215_head,cat,head
2010_001215_neck,cat,neck
2010_001215_torso,cat,torso
2010_001215_tail,cat,tail
2010_001215_legs,cat,legs
2009_004157_head,cat,head
2009_004157_neck,cat,neck
2009_004157_torso,cat,torso
2008_001335_head,cat,head
2008_001335_neck,cat,neck
2008_001335_torso,cat,torso
2010_000692_head,cat,head
2010_000692_neck,cat,neck
2010_000692_torso,cat,torso
2010_000692_tail,cat,tail
2010_000692_legs,cat,legs
2008_003244_head,cat,head
2008_003244_neck,cat,neck
2008_003244_torso,cat,torso
2008_003244_legs,cat,legs
2009_002268_head,cat,head
2009_002268_neck,cat,neck
2009_002268_torso,cat,torso
2008_005386_head,cat,head
2008_005386_neck,cat,neck
2008_005386_torso,cat,torso
2008_005386_tail,cat,tail
2008_005386_legs,cat,legs
2009_004382_head,cat,head
2009_004382_torso,cat,torso
2009_004382_tail,cat,tail
2009_004382_legs,cat,legs
2008_001876_head,cat,head
2008_001876_torso,cat,torso
2008_001876_legs,cat,legs
2009_002917_head,cat,head
2009_002917_neck,cat,neck
2009_002917_torso,cat,torso
2009_002917_legs,cat,legs
2008_003052_head,cat,head
2008_003052_torso,cat,torso
2008_003052_legs,cat,legs
2009_001205_head,cat,head
2009_001205_neck,cat,neck
2009_001205_torso,cat,torso
2009_001205_tail,cat,tail
2010_001177_head,cat,head
2010_001177_neck,cat,neck
2010_001177_torso,cat,torso
2010_001177_legs,cat,legs
2010_003238_head,cat,head
2010_003238_neck,cat,neck
2010_003238_torso,cat,torso
2010_003238_legs,cat,legs
2009_001198_head,cat,head
2009_001198_neck,cat,neck
2009_001198_torso,cat,torso
2009_001198_legs,cat,legs
2010_001361_head,cat,head
2010_001361_neck,cat,neck
2010_001361_torso,cat,torso
2008_007630_head,cat,head
2008_007630_neck,cat,neck
2008_007630_torso,cat,torso
2008_007630_legs,cat,legs
2009_004779_head,cat,head
2009_004779_neck,cat,neck
2009_004779_torso,cat,torso
2009_004779_tail,cat,tail
2009_004779_legs,cat,legs
2008_006512_head,cat,head
2008_006512_torso,cat,torso
2008_006512_legs,cat,legs
2008_004462_head,cat,head
2008_004462_torso,cat,torso
2008_004462_legs,cat,legs
2009_003771_head,cat,head
2009_003771_torso,cat,torso
2009_003771_tail,cat,tail
2009_003771_legs,cat,legs
2008_002749_head,cat,head
2008_002749_neck,cat,neck
2008_002749_torso,cat,torso
2008_002749_tail,cat,tail
2008_002749_legs,cat,legs
2010_000724_head,cat,head
2010_000724_neck,cat,neck
2010_000724_torso,cat,torso
2010_000724_tail,cat,tail
2010_000724_legs,cat,legs
2009_003201_head,cat,head
2009_003201_neck,cat,neck
2009_003201_torso,cat,torso
2009_003201_legs,cat,legs
2009_004234_head,cat,head
2009_004234_torso,cat,torso
2009_004234_tail,cat,tail
2009_004234_legs,cat,legs
2010_005462_head,cat,head
2010_005462_neck,cat,neck
2010_005462_torso,cat,torso
2010_005462_legs,cat,legs
2010_004768_head,cat,head
2010_004768_neck,cat,neck
2010_004768_torso,cat,torso
2010_004768_tail,cat,tail
2010_004768_legs,cat,legs
2009_001562_head,cat,head
2009_001562_neck,cat,neck
2009_001562_torso,cat,torso
2009_001562_legs,cat,legs
2010_001957_head,cat,head
2010_001957_neck,cat,neck
2010_001957_torso,cat,torso
2010_001957_legs,cat,legs
2010_002286_head,cat,head
2010_002286_torso,cat,torso
2010_005264_head,cat,head
2010_005264_torso,cat,torso
2010_001994_head,cat,head
2010_001994_neck,cat,neck
2010_001994_torso,cat,torso
2010_001994_tail,cat,tail
2010_001994_legs,cat,legs
2008_004933_head,cat,head
2008_004933_torso,cat,torso
2008_004933_legs,cat,legs
2009_002527_head,cat,head
2009_002527_neck,cat,neck
2009_002527_torso,cat,torso
2009_002527_tail,cat,tail
2009_002527_legs,cat,legs
2009_000330_head,cat,head
2009_000330_neck,cat,neck
2009_000330_torso,cat,torso
2008_007989_head,cat,head
2008_007989_legs,cat,legs
2010_005099_head,cat,head
2010_005099_neck,cat,neck
2010_005099_torso,cat,torso
2010_005099_tail,cat,tail
2010_005099_legs,cat,legs
2010_005072_head,cat,head
2010_005072_torso,cat,torso
2010_005072_tail,cat,tail
2010_003371_head,cat,head
2010_003371_torso,cat,torso
2009_004183_head,cat,head
2009_004183_torso,cat,torso
2008_005193_head,cat,head
2008_005193_torso,cat,torso
2008_005193_tail,cat,tail
2008_005193_legs,cat,legs
2010_004346_head,cat,head
2010_004346_neck,cat,neck
2010_004346_torso,cat,torso
2010_004346_tail,cat,tail
2010_004346_legs,cat,legs
2008_005805_head,cat,head
2008_005805_torso,cat,torso
2008_005805_legs,cat,legs
2008_005636_head,cat,head
2008_005636_neck,cat,neck
2008_005636_torso,cat,torso
2008_005636_tail,cat,tail
2008_005636_legs,cat,legs
2010_000875_head,cat,head
2010_000875_neck,cat,neck
2010_000875_torso,cat,torso
2010_000875_tail,cat,tail
2010_000875_legs,cat,legs
2009_000681_head,cat,head
2009_000681_neck,cat,neck
2009_000681_torso,cat,torso
2009_000681_legs,cat,legs
2010_004144_head,cat,head
2010_004144_neck,cat,neck
2010_004144_torso,cat,torso
2010_004144_tail,cat,tail
2010_004144_legs,cat,legs
2009_004424_head,cat,head
2009_004424_neck,cat,neck
2009_004424_torso,cat,torso
2009_004424_legs,cat,legs
2008_003045_head,cat,head
2008_003045_neck,cat,neck
2008_003045_torso,cat,torso
2008_003045_legs,cat,legs
2010_003818_head,cat,head
2010_003818_neck,cat,neck
2010_003818_torso,cat,torso
2010_002333_head,cat,head
2010_002333_neck,cat,neck
2010_002333_torso,cat,torso
2010_003950_head,cat,head
2010_003950_neck,cat,neck
2010_003950_torso,cat,torso
2010_005886_head,cat,head
2010_005886_neck,cat,neck
2010_005886_torso,cat,torso
2010_005886_legs,cat,legs
2010_004540_head,cat,head
2010_004540_neck,cat,neck
2010_004540_legs,cat,legs
2010_000054_head,cat,head
2010_000054_neck,cat,neck
2010_000054_torso,cat,torso
2010_000054_tail,cat,tail
2010_000054_legs,cat,legs
2010_005892_head,cat,head
2010_005892_neck,cat,neck
2010_005892_torso,cat,torso
2008_002004_head,cat,head
2008_002004_neck,cat,neck
2008_002004_torso,cat,torso
2008_002004_legs,cat,legs
2010_000914_head,cat,head
2010_000914_torso,cat,torso
2010_000914_tail,cat,tail
2010_000914_legs,cat,legs
2009_000535_head,cat,head
2009_000535_torso,cat,torso
2009_000535_legs,cat,legs
2008_007632_head,cat,head
2008_007632_torso,cat,torso
2008_007632_tail,cat,tail
2008_007632_legs,cat,legs
2010_002118_head,cat,head
2010_002118_torso,cat,torso
2010_002118_legs,cat,legs
2009_000284_head,cat,head
2009_000284_neck,cat,neck
2009_000284_torso,cat,torso
2009_000284_tail,cat,tail
2009_003955_head,cat,head
2009_003955_torso,cat,torso
2009_003955_tail,cat,tail
2009_003955_legs,cat,legs
2010_000519_head,cat,head
2010_000519_neck,cat,neck
2010_000519_torso,cat,torso
2010_000519_tail,cat,tail
2010_000519_legs,cat,legs
2008_004688_head,cat,head
2010_001968_head,cat,head
2010_001968_torso,cat,torso
2010_001968_tail,cat,tail
2010_001968_legs,cat,legs
2008_005421_head,cat,head
2008_005421_torso,cat,torso
2008_005421_tail,cat,tail
2008_005421_legs,cat,legs
2009_002040_head,cat,head
2009_002040_torso,cat,torso
2009_002040_legs,cat,legs
2008_007975_head,cat,head
2008_007975_neck,cat,neck
2008_007975_torso,cat,torso
2008_007975_legs,cat,legs
2010_000109_head,cat,head
2010_000109_neck,cat,neck
2010_000109_torso,cat,torso
2010_000109_tail,cat,tail
2010_000109_legs,cat,legs
